{"cameraMode":{"drawMode":0,"name":"Shaded","section":"Shading Mode"},"sceneLighting":true,"audioPlay":false,"sceneViewState":{"m_AlwaysRefresh":true,"showFog":true,"showSkybox":true,"showFlares":true,"showImageEffects":true,"showParticleSystems":true,"showVisualEffectGraphs":true,"m_FxEnabled":true},"in2DMode":false,"pivot":{"x":10.513958930969239,"y":-0.7113580703735352,"z":-1.2753105163574219},"rotation":{"x":-0.3143824636936188,"y":-0.005129395518451929,"z":0.0016986114205792547,"w":-0.9492846727371216},"size":8.744215965270996,"orthographic":false}